{
  "profil": {
    "nom": "Investisseur Expérimenté",
    "budget_min": 150000,
    "budget_max": 600000,
    "objectif_rendement": 5.5,
    "tolerance_risque": "modérée",
    "preferences": {
      "rentabilite": 0.35,
      "liquidite": 0.25,
      "stabilite": 0.25,
      "croissance": 0.15
    },
    "contraintes": {
      "score_min": 6.0,
      "surface_min": 40,
      "nb_transactions_min": 100
    }
  },
  "statistiques": {
    "rendement_moyen": 11.74783671251171,
    "prix_moyen": 265154.6666666667,
    "score_moyen": 6.1852222222222215
  },
  "recommandations": [
    {
      "rang": 1,
      "departement": "91",
      "type_bien": "Grande maison",
      "score_profil": 6.265,
      "score_final": 6.0,
      "rendement_brut": 11.949473684210526,
      "valeur_fonciere": 285000.0,
      "surface": 172.0,
      "prix_m2": 1656.9767441860463,
      "justifications": [
        "✅ Rendement 11.9% supérieur à l'objectif (5.5%)",
        "✅ Score d'opportunité satisfaisant (≥5/10)",
        "✅ Prix bien positionné dans votre budget",
        "✅ Rendement attractif pour investisseur expérimenté",
        "✅ Surface intéressante pour optimiser la rentabilité"
      ]
    },
    {
      "rang": 2,
      "departement": "91",
      "type_bien": "Grande maison",
      "score_profil": 6.265,
      "score_final": 6.0,
      "rendement_brut": 11.9625,
      "valeur_fonciere": 240000.0,
      "surface": 145.0,
      "prix_m2": 1655.1724137931035,
      "justifications": [
        "✅ Rendement 12.0% supérieur à l'objectif (5.5%)",
        "✅ Score d'opportunité satisfaisant (≥5/10)",
        "✅ Prix bien positionné dans votre budget",
        "✅ Rendement attractif pour investisseur expérimenté",
        "✅ Surface intéressante pour optimiser la rentabilité"
      ]
    },
    {
      "rang": 3,
      "departement": "91",
      "type_bien": "Grande maison",
      "score_profil": 6.265,
      "score_final": 6.0,
      "rendement_brut": 11.995020746887967,
      "valeur_fonciere": 241000.0,
      "surface": 146.0,
      "prix_m2": 1650.6849315068494,
      "justifications": [
        "✅ Rendement 12.0% supérieur à l'objectif (5.5%)",
        "✅ Score d'opportunité satisfaisant (≥5/10)",
        "✅ Prix bien positionné dans votre budget",
        "✅ Rendement attractif pour investisseur expérimenté",
        "✅ Surface intéressante pour optimiser la rentabilité"
      ]
    },
    {
      "rang": 4,
      "departement": "91",
      "type_bien": "Grande maison",
      "score_profil": 6.245,
      "score_final": 6.0,
      "rendement_brut": 11.92258064516129,
      "valeur_fonciere": 465000.0,
      "surface": 280.0,
      "prix_m2": 1660.7142857142858,
      "justifications": [
        "✅ Rendement 11.9% supérieur à l'objectif (5.5%)",
        "✅ Score d'opportunité satisfaisant (≥5/10)",
        "✅ Prix bien positionné dans votre budget",
        "✅ Rendement attractif pour investisseur expérimenté",
        "✅ Surface intéressante pour optimiser la rentabilité"
      ]
    },
    {
      "rang": 5,
      "departement": "91",
      "type_bien": "Maison familiale",
      "score_profil": 6.2299999999999995,
      "score_final": 6.0,
      "rendement_brut": 11.88,
      "valeur_fonciere": 155000.0,
      "surface": 93.0,
      "prix_m2": 1666.6666666666667,
      "justifications": [
        "✅ Rendement 11.9% supérieur à l'objectif (5.5%)",
        "✅ Score d'opportunité satisfaisant (≥5/10)",
        "✅ Prix bien positionné dans votre budget",
        "✅ Rendement attractif pour investisseur expérimenté",
        "✅ Surface intéressante pour optimiser la rentabilité"
      ]
    }
  ],
  "conseils": [
    "⚖️ Diversifiez géographiquement votre portefeuille",
    "📊 Optimisez votre fiscalité (régime réel, amortissements)",
    "🔄 Considérez le refinancement pour multiplier les acquisitions",
    "📈 Surveillez les évolutions de marché pour identifier les opportunités",
    "🏗️ Évaluez le potentiel de travaux pour augmenter la rentabilité"
  ]
}