rang,departement,type_bien,score_profil,score_final,rendement_brut,valeur_fonciere,surface,prix_m2,justifications
1,91,Grand appartement,7.765,6.0,11.996481970096747,102330.0,62.0,1650.483870967742,"[""✅ Rendement 12.0% supérieur à l'objectif (4.5%)"", ""✅ Score d'opportunité satisfaisant (≥5/10)"", '✅ Prix bien positionné dans votre budget', '✅ Surface modérée, idéale pour débuter', '✅ Département avec historique de transactions stable']"
2,91,Grand appartement,7.765,6.0,11.97983193277311,119000.0,72.0,1652.7777777777778,"[""✅ Rendement 12.0% supérieur à l'objectif (4.5%)"", ""✅ Score d'opportunité satisfaisant (≥5/10)"", '✅ Prix bien positionné dans votre budget', '✅ Surface modérée, idéale pour débuter', '✅ Département avec historique de transactions stable']"
3,91,Grand appartement,7.739999999999999,6.0,11.88,110000.0,66.0,1666.6666666666667,"[""✅ Rendement 11.9% supérieur à l'objectif (4.5%)"", ""✅ Score d'opportunité satisfaisant (≥5/10)"", '✅ Prix bien positionné dans votre budget', '✅ Surface modérée, idéale pour débuter', '✅ Département avec historique de transactions stable']"
4,91,Maison familiale,7.739999999999999,6.0,11.88,145000.0,87.0,1666.6666666666667,"[""✅ Rendement 11.9% supérieur à l'objectif (4.5%)"", ""✅ Score d'opportunité satisfaisant (≥5/10)"", '✅ Prix bien positionné dans votre budget', '✅ Département avec historique de transactions stable']"
5,91,Maison familiale,7.739999999999999,6.0,11.909774436090226,133000.0,80.0,1662.5,"[""✅ Rendement 11.9% supérieur à l'objectif (4.5%)"", ""✅ Score d'opportunité satisfaisant (≥5/10)"", '✅ Prix bien positionné dans votre budget', '✅ Surface modérée, idéale pour débuter', '✅ Département avec historique de transactions stable']"
