type_bien_estime,score_final_mean,rendement_brut_mean,rendement_brut_std,rendement_brut_count,prix_m2_mean,surface_reelle_bati_mean,valeur_fonciere_mean
Grande maison,4.86,6.22,2.37,3014,4272.3,232.62,1017545.93
Maison familiale,4.81,5.99,2.09,6214,4199.17,94.51,397138.47
Grand appartement,4.75,6.04,2.24,7054,4272.14,68.26,290641.86
Appartement moyen,4.52,5.15,2.08,6147,5267.6,49.21,257455.17
Petit appartement,4.36,4.52,1.97,3371,6241.78,32.42,202107.02
Studio/T1,4.28,4.15,1.84,1114,6719.01,20.12,133799.08
